Title,Availity,Price,Image,Link
Defensas laterales y de motor trail aluminio negro texturado CROSSPRO APRILIA TUAREG 660 2022,df-card__availability out of stock,"243,09 €",https://buy2race.com/43034-cart_default/defensas-laterales-y-de-motor-trail-aluminio-negro-texturado-crosspro-aprilia-tuareg-660-2022.jpg,https://buy2race.com/es/inicio/1007321-defensas-laterales-y-de-motor-trail-aluminio-negro-texturado-crosspro-aprilia-tuareg-660-2022-5608345203466.html
Portaequipaje trasero negro texturado CROSSPRO APRILIA TUAREG 660 2022,df-card__availability out of stock,"166,23 €",https://buy2race.com/43044-cart_default/portaequipaje-trasero-negro-texturado-crosspro-aprilia-tuareg-660-2022.jpg,https://buy2race.com/es/inicio/1007324-portaequipaje-trasero-negro-texturado-crosspro-aprilia-tuareg-660-2022-5608345220104.html
Protector de cadena inferior inox cepillado / negro texturado CROSSPRO APRILIA TUAREG 660 2022,df-card__availability in stock,"28,04 €",https://buy2race.com/43051-cart_default/protector-de-cadena-inferior-inox-cepillado-negro-texturado-crosspro-aprilia-tuareg-660-2022.jpg,https://buy2race.com/es/inicio/1007326-protector-de-cadena-inferior-inox-cepillado-negro-texturado-crosspro-aprilia-tuareg-660-2022-5608345219856.html
Protector de cadena inox cepillado / negro texturado CROSSPRO APRILIA TUAREG 660 2022,df-card__availability in stock,"116,51 €",https://buy2race.com/43048-cart_default/protector-de-cadena-inox-cepillado-negro-texturado-crosspro-aprilia-tuareg-660-2022.jpg,https://buy2race.com/es/inicio/1007325-protector-de-cadena-inox-cepillado-negro-texturado-crosspro-aprilia-tuareg-660-2022-5608345030260.html
Protector de radiador trail inox cepillado CROSSPRO APRILIA TUAREG 660 2022,df-card__availability in stock,"151,49 €",https://buy2race.com/43040-cart_default/protector-de-radiador-trail-inox-cepillado-crosspro-aprilia-tuareg-660-2022.jpg,https://buy2race.com/es/inicio/1007323-protector-de-radiador-trail-inox-cepillado-crosspro-aprilia-tuareg-660-2022-5608345220432.html
Defensas laterales y de motor trail aluminio ice polish CROSSPRO APRILIA TUAREG 660 2022,df-card__availability out of stock,"243,09 €",https://buy2race.com/43036-cart_default/defensas-laterales-y-de-motor-trail-aluminio-ice-polish-crosspro-aprilia-tuareg-660-2022.jpg,https://buy2race.com/es/inicio/1007322-defensas-laterales-y-de-motor-trail-aluminio-ice-polish-crosspro-aprilia-tuareg-660-2022-5608345203466.html
Protector de carter trail aluminio ice polish CROSSPRO APRILIA TUAREG 660 2022,df-card__availability out of stock,"277,78 €",https://buy2race.com/43030-cart_default/protector-de-carter-trail-aluminio-ice-polish-crosspro-aprilia-tuareg-660-2022.jpg,https://buy2race.com/es/inicio/1007320-protector-de-carter-trail-aluminio-ice-polish-crosspro-aprilia-tuareg-660-2022-5608345219580.html
Protector de carter trail aluminio negro texturado CROSSPRO APRILIA TUAREG 660 2022,df-card__availability out of stock,"277,78 €",https://buy2race.com/43016-cart_default/protector-de-carter-trail-aluminio-negro-texturado-crosspro-aprilia-tuareg-660-2022.jpg,https://buy2race.com/es/inicio/1007315-protector-de-carter-trail-aluminio-negro-texturado-crosspro-aprilia-tuareg-660-2022-5608345219580.html
Protector de cadena inferior DTC CROSSPRO negro APRILIA Tuareg 660 2022,df-card__availability in stock,"33,12 €",https://buy2race.com/44064-cart_default/protector-de-cadena-inferior-dtc-crosspro-negro-aprilia-tuareg-660-2022.jpg,https://buy2race.com/es/inicio/1007699-protector-de-cadena-inferior-dtc-crosspro-negro-aprilia-tuareg-660-2022-5608345029806.html
Pastillas de freno delantero MOTOMASTER RACING GP SERIES 093112 APRILIA Tuareg HUSQVARNA 701 KTM 450 690 950 YAMAHA XT 660,df-card__availability in stock,"26,62 €",https://buy2race.com/25105-cart_default/pastillas-de-freno-delantero-motomaster-racing-gp-series-093112-aprilia-tuareg-husqvarna-701-ktm-450-690-950-yamaha-xt-660.jpg,https://buy2race.com/es/inicio/998465-pastillas-de-freno-delantero-motomaster-racing-gp-series-093112-aprilia-tuareg-husqvarna-701-ktm-450-690-950-yamaha-xt-660-5707367761418.html
Protector deposito liquido de frenos inox cepillado CROSSPRO MOTO-MORINI X-CAPE APRILIA TUAREG BMW F 750 850,df-card__availability out of stock,"21,82 €",https://buy2race.com/43241-cart_default/protector-deposito-liquido-de-frenos-inox-cepillado-crosspro-moto-morini-x-cape-aprilia-tuareg-bmw-f-750-850.jpg,https://buy2race.com/es/inicio/1007406-protector-deposito-liquido-de-frenos-inox-cepillado-crosspro-moto-morini-x-cape-aprilia-tuareg-bmw-f-750-850-5608345198168.html
Pastillas de freno delantero MOTOMASTER trail-turismo ROADPRO SERIES 403301 BMW F 650 700 750 800 850 KTM 950 990 YAMAHA XT 660,df-card__availability in stock,"44,82 €",https://buy2race.com/41724-cart_default/pastillas-de-freno-delantero-motomaster-trail-turismo-roadpro-series-403301-bmw-f-650-700-750-800-850-ktm-950-990-yamaha-xt-660.jpg,https://buy2race.com/es/inicio/1006763-pastillas-de-freno-delantero-motomaster-trail-turismo-roadpro-series-403301-bmw-f-650-700-750-800-850-ktm-950-990-yamaha-xt-660-8790497008017.html
Pastillas de freno delantero MOTOMASTER trail-turismo ROADPRO SERIES 403304 BMW F 650 700 750 800 850 KTM 950 990 YAMAHA XT 660,df-card__availability out of stock,"33,82 €",https://buy2race.com/41726-cart_default/pastillas-de-freno-delantero-motomaster-trail-turismo-roadpro-series-403304-bmw-f-650-700-750-800-850-ktm-950-990-yamaha-xt-660.jpg,https://buy2race.com/es/inicio/1006764-pastillas-de-freno-delantero-motomaster-trail-turismo-roadpro-series-403304-bmw-f-650-700-750-800-850-ktm-950-990-yamaha-xt-660-8790497008017.html
Pastillas de freno trasero MOTOMASTER trail-turismo ROADPRO CERAMIC SERIES 403404 BMW KTM TRIUMPH YAMAHA,df-card__availability out of stock,"33,82 €",https://buy2race.com/41951-cart_default/pastillas-de-freno-trasero-motomaster-trail-turismo-roadpro-ceramic-series-403404-bmw-ktm-triumph-yamaha.jpg,https://buy2race.com/es/inicio/1006862-pastillas-de-freno-trasero-motomaster-trail-turismo-roadpro-ceramic-series-403404-bmw-ktm-triumph-yamaha-8790497008017.html
Pastillas de freno trasero MOTOMASTER trail-turismo ROADPRO SERIES 403402 BMW KTM TRIUMPH YAMAHA,df-card__availability in stock,"49,36 €",https://buy2race.com/41298-cart_default/pastillas-de-freno-trasero-motomaster-trail-turismo-roadpro-series-403402-bmw-ktm-triumph-yamaha.jpg,https://buy2race.com/es/inicio/1006517-pastillas-de-freno-trasero-motomaster-trail-turismo-roadpro-series-403402-bmw-ktm-triumph-yamaha-8790497008017.html
