Title,Availity,Price,Link
Protector de carter trail aluminio negro texturado CROSSPRO BMW R 1250 GS 2019 R 1250 GS Adventure 19-20,df-card__availability out of stock,"113,34 €",https://buy2race.com/es/inicio/984035-protector-de-carter-trail-aluminio-negro-texturado-crosspro-bmw-r-1250-gs-2019-r-1250-gs-adventure-19-20-5608345024948.html
Protector de carter trail aluminio pulido CROSSPRO BMW R 1250 GS 2019 R 1200 GS Adventure 19-20,df-card__availability out of stock,"113,34 €",https://buy2race.com/es/inicio/1005650-protector-de-carter-trail-aluminio-pulido-crosspro-bmw-r-1250-gs-2019-r-1200-gs-adventure-19-20-5608345049644.html
Funda de asiento JN SEATS para BMW R 1200 GS 13-18 1250 GS 19-23,df-card__availability out of stock,"165,00 €",https://buy2race.com/es/inicio/996986-funda-de-asiento-jn-seats-para-bmw-r-1200-gs-13-18-1250-gs-19-23.html
Funda de asiento JN SEATS para BMW R 1200 GS 13-18 1250 GS 19-23,df-card__availability out of stock,"165,00 €",https://buy2race.com/es/inicio/996985-funda-de-asiento-jn-seats-para-bmw-r-1200-gs-13-18-1250-gs-19-23.html
Funda de asiento JN SEATS para BMW R 1200 GS 13-18 1250 GS 19-23,df-card__availability out of stock,"165,00 €",https://buy2race.com/es/inicio/996984-funda-de-asiento-jn-seats-para-bmw-r-1200-gs-13-18-1250-gs-19-23.html
Funda de asiento JN SEATS para BMW R 1200 GS 13-18 1250 GS 19-23,df-card__availability out of stock,"165,00 €",https://buy2race.com/es/inicio/996983-funda-de-asiento-jn-seats-para-bmw-r-1200-gs-13-18-1250-gs-19-23.html
Funda de asiento JN SEATS para BMW R 1200 GS 13-18 1250 GS 19-23,df-card__availability out of stock,"158,99 €",https://buy2race.com/es/inicio/996982-funda-de-asiento-jn-seats-para-bmw-r-1200-gs-13-18-1250-gs-19-23.html
Funda de asiento JN SEATS para BMW R 1200 GS 13-18 1250 GS 19-23,df-card__availability out of stock,"158,99 €",https://buy2race.com/es/inicio/996981-funda-de-asiento-jn-seats-para-bmw-r-1200-gs-13-18-1250-gs-19-23.html
Funda de asiento JN SEATS para BMW R 1200 GS 13-18 1250 GS 19-23,df-card__availability out of stock,"158,99 €",https://buy2race.com/es/inicio/996980-funda-de-asiento-jn-seats-para-bmw-r-1200-gs-13-18-1250-gs-19-23.html
Funda de asiento JN SEATS para BMW R 1200 GS 13-18 1250 GS 19-23,df-card__availability out of stock,"158,99 €",https://buy2race.com/es/inicio/996979-funda-de-asiento-jn-seats-para-bmw-r-1200-gs-13-18-1250-gs-19-23.html
Defensas laterales y de motor trail aluminio pulido CROSSPRO BMW GS 1250 Adventure 19-20,df-card__availability out of stock,"306,59 €",https://buy2race.com/es/inicio/1005765-defensas-laterales-y-de-motor-trail-aluminio-pulido-crosspro-bmw-gs-1250-adventure-19-20-5608345179754.html
Defensas laterales y de motor trail aluminio negro texturado CROSSPRO BMW GS 1250 Adventure 19-20,df-card__availability out of stock,"306,59 €",https://buy2race.com/es/inicio/1005764-defensas-laterales-y-de-motor-trail-aluminio-negro-texturado-crosspro-bmw-gs-1250-adventure-19-20-5608345179686.html
Pastillas de freno delantero MOTOMASTER trail-turismo ROADPRO CARBON SERIES 408006 TRIUMPH DUCATI BMW F 800 900 R 1200 1250,df-card__availability out of stock,"56,30 €",https://buy2race.com/es/inicio/1006855-pastillas-de-freno-delantero-motomaster-trail-turismo-roadpro-carbon-series-408006-triumph-ducati-bmw-f-800-900-r-1200-1250-8790497008017.html
Defensas laterales y de motor trail aluminio pulido CROSSPRO BMW R 1250 GS 2019,df-card__availability out of stock,"274,86 €",https://buy2race.com/es/inicio/983834-defensas-laterales-y-de-motor-trail-aluminio-pulido-crosspro-bmw-r-1250-gs-2019-5608345024894.html
Defensas laterales y de motor trail aluminio negro texturado CROSSPRO BMW R 1250 GS 2019,df-card__availability in stock,"274,86 €",https://buy2race.com/es/inicio/983832-defensas-laterales-y-de-motor-trail-aluminio-negro-texturado-crosspro-bmw-r-1250-gs-2019-5608345024825.html
Pastillas de freno delantero MOTOMASTER trail-turismo ROADPRO SERIES 408001 TRIUMPH DUCATI BMW F 800 900 R 1200 1250,df-card__availability in stock,"40,69 €",https://buy2race.com/es/inicio/1006853-pastillas-de-freno-delantero-motomaster-trail-turismo-roadpro-series-408001-triumph-ducati-bmw-f-800-900-r-1200-1250-8790497008017.html
Pastillas de freno trasero MOTOMASTER trail-turismo ROADPRO CERAMIC SERIES 403404 BMW KTM TRIUMPH YAMAHA,df-card__availability out of stock,"33,82 €",https://buy2race.com/es/inicio/1006862-pastillas-de-freno-trasero-motomaster-trail-turismo-roadpro-ceramic-series-403404-bmw-ktm-triumph-yamaha-8790497008017.html
Pastillas de freno trasero MOTOMASTER trail-turismo ROADPRO SERIES 403402 BMW KTM TRIUMPH YAMAHA,df-card__availability in stock,"49,36 €",https://buy2race.com/es/inicio/1006517-pastillas-de-freno-trasero-motomaster-trail-turismo-roadpro-series-403402-bmw-ktm-triumph-yamaha-8790497008017.html
